{"mean":{"confidence_interval":{"confidence_level":0.95,"lower_bound":-0.055710513487114054,"upper_bound":-0.03729997271591335},"point_estimate":-0.04667821290060181,"standard_error":0.004627751363487941},"median":{"confidence_interval":{"confidence_level":0.95,"lower_bound":-0.056731735783101755,"upper_bound":-0.03845985994692802},"point_estimate":-0.04756461697452041,"standard_error":0.004367315831920711}}