{"mean":{"confidence_interval":{"confidence_level":0.95,"lower_bound":-0.005195621348131235,"upper_bound":0.018607834083321076},"point_estimate":0.00781577116403942,"standard_error":0.006092126475051421},"median":{"confidence_interval":{"confidence_level":0.95,"lower_bound":0.004845657324010544,"upper_bound":0.02028093093311031},"point_estimate":0.013184971380230337,"standard_error":0.003933417686760042}}