{"mean":{"confidence_interval":{"confidence_level":0.95,"lower_bound":0.024875306104317176,"upper_bound":0.033181942876867584},"point_estimate":0.02879462771993202,"standard_error":0.002085556070426856},"median":{"confidence_interval":{"confidence_level":0.95,"lower_bound":0.020812638857778953,"upper_bound":0.028081938638687725},"point_estimate":0.02403892503638505,"standard_error":0.002140652085393627}}